category,user_question,answer
Product Basics,What is PicknEasy?,"PicknEasy is a fun, self-grabbing eating tool that helps kids and adults pick up food easily—no chopstick skills required."
Product Basics,How does PicknEasy work?,Give a gentle squeeze and the smart jaws grip your food. Release to relax.
Product Basics,Is it easier than regular chopsticks?,Yes. PicknEasy does the grabbing for you—no slips.
Product Basics,Can adults use it too?,"Absolutely. Great for confidence, comfort, and zero-mess bites."
Product Basics,What materials is it made from?,"Food-grade, BPA-free materials; durable and easy to clean."
Safety,Is PicknEasy BPA-free and food-safe?,"Yes, 100% BPA-free and food-grade."
Care & Cleaning,Is it dishwasher safe?,Yes—top rack recommended.
Care & Cleaning,Best way to clean PicknEasy tips?,"Unhook, wash under warm water with the connected end down, dry, and re-hook."
Care & Cleaning,How often should I replace PicknEasy?,It lasts years; replace only if you see visible wear.
Kids & Learning,What makes PicknEasy fun for children?,"Colorful, comfy, and confidence-boosting."
Kids & Learning,What age can children start using it?,Most kids can start around preschool age with supervision.
Kids & Learning,How can I teach my child to use PicknEasy?,"Begin with easy foods, show squeeze-and-release, keep it playful."
Schools,Can preschools or schools use PicknEasy?,"Yes, and we offer school bulk discounts."
Sustainability,How does PicknEasy help reduce deforestation?,Reusable; avoids billions of disposable chopsticks.
Sustainability,Why are disposable chopsticks bad for the environment?,Many are made from freshly cut trees and used once.
Sustainability,How many trees can one person save?,Thousands of pairs of disposables avoided over time.
Vision,Why call it the 'tool of the future'?,Because it’s smarter and reusable.
Vision,What problem does PicknEasy solve?,Removes the learning curve and mess of chopsticks.
Vision,How is it different from tongs or training chopsticks?,"Lighter, comfier, and made for mealtime control."
Story,What inspired PicknEasy?,"A joyful, planet-friendly utensil kids love and adults trust."
Innovation,Who designed PicknEasy’s grabbing jaws?,Inventor Tam Tran refined the jaw shape.
Lifestyle,What foods are most fun to try?,"Noodles, dumplings, fruit, sushi, fries, veggies."
Comparison,Better than trainer chopsticks for kids?,Trainer sticks teach; PicknEasy is for everyday use.
Shopping,Where can I buy PicknEasy?,Order at PicknEasy.com.
Shopping,Do you ship internationally?,"Yes, worldwide shipping."
Support,How do I contact support?,Email support@pickneasy.com.
Orders,How long does shipping take?,"3–7 business days domestically, longer internationally."
Game: Guess It,Can you play a food guessing game with me?,Sure! I’ll describe a food; you guess.
Game: Truth or Trick,Truth or Trick: PicknEasy is only for kids.,Trick! Grown-ups love it too.
Game: Eco Quiz,How many disposable chopsticks are used each year?,Around 80 billion pairs.
Game: Around the World,Do people in Asia like PicknEasy too?,Yes! It bridges tradition and modern ease.
Game: Future of Eating,"In 2075, would you use two sticks or PicknEasy?",PicknEasy—future unlocked.
